Pais;Capital;Area;Paises vizinhos
Afghanistan;Kabul;647500;Turkmenistan, Turkmenistan, China, China, Iran, Iran, Tajikistan, Tajikistan, Pakistan, Pakistan, Uzbekistan, Uzbekistan;1711300471.5784154
Aland Islands;Mariehamn;1580;;1711300441.011539
Albania;Tirana;28748;Macedonia, Macedonia, Greece, Greece, Serbia and Montenegro, Serbia and Montenegro, Montenegro, Montenegro, Serbia, Serbia, Kosovo, Kosovo;1711300471.585266
Algeria;Algiers;2381740;Niger, Niger, Western Sahara, Western Sahara, Libya, Libya, Mauritania, Mauritania, Tunisia, Tunisia, Morocco, Morocco, Mali, Mali;1711300471.5922644
American Samoa;Pago Pago;199;;1711300441.0165374
Andorra;Andorra la Vella;468;Spain, Spain, France, France;1711300471.5942624
Angola;Luanda;1246700;Democratic Republic of the Congo, Democratic Republic of the Congo, Namibia, Namibia, Zambia, Zambia, Republic of the Congo, Republic of the Congo;1711300471.5982616
Anguilla;The Valley;102;;1711300441.0205433
Antarctica;;14000000;;1711300441.0205433
Antigua and Barbuda;St. John's;443;;1711300441.0205433
Argentina;Buenos Aires;2766890;Chile, Chile, Bolivia, Bolivia, Uruguay, Uruguay, Paraguay, Paraguay, Brazil, Brazil;1711300471.6042938
Armenia;Yerevan;29800;Georgia, Georgia, Iran, Iran, Azerbaijan, Azerbaijan, Turkey, Turkey;1711300471.6082618
Aruba;Oranjestad;193;;1711300441.0245416
Australia;Canberra;7686850;;1711300441.0255377
Austria;Vienna;83858;Switzerland, Switzerland, Germany, Germany, Hungary, Hungary, Slovakia, Slovakia, Czech Republic, Czech Republic, Italy, Italy, Slovenia, Slovenia, Liechtenstein, Liechtenstein;1711300471.616278
Azerbaijan;Baku;86600;Georgia, Georgia, Iran, Iran, Armenia, Armenia, Turkey, Turkey, Russia, Russia;1711300471.6202645
Bahamas;Nassau;13940;;1711300441.0305378
Bahrain;Manama;665;;1711300441.031539
Bangladesh;Dhaka;144000;Myanmar, Myanmar, India, India;1711300471.6242628
Barbados;Bridgetown;431;;1711300441.0325387
Belarus;Minsk;207600;Poland, Poland, Lithuania, Lithuania, Ukraine, Ukraine, Russia, Russia, Latvia, Latvia;1711300471.6292627
Belgium;Brussels;30510;Germany, Germany, Netherlands, Netherlands, Luxembourg, Luxembourg, France, France;1711300471.6342657
Belize;Belmopan;22966;Guatemala, Guatemala, Mexico, Mexico;1711300471.6362686
Benin;Porto-Novo;112620;Niger, Niger, Togo, Togo, Burkina Faso, Burkina Faso, Nigeria, Nigeria;1711300471.640269
Bermuda;Hamilton;53;;1711300441.0395393
Bhutan;Thimphu;47000;China, China, India, India;1711300471.6432965
Bolivia;Sucre;1098580;Peru, Peru, Chile, Chile, Paraguay, Paraguay, Brazil, Brazil, Argentina, Argentina;1711300471.6483486
Bonaire, Saint Eustatius and Saba;;328;;1711300441.0435386
Bosnia and Herzegovina;Sarajevo;51129;Serbia and Montenegro, Serbia and Montenegro, Croatia, Croatia, Montenegro, Montenegro, Serbia, Serbia;1711300471.6543489
Botswana;Gaborone;600370;Zimbabwe, Zimbabwe, South Africa, South Africa, Namibia, Namibia;1711300471.657347
Bouvet Island;;49;;1711300441.046511
Brazil;Brasilia;8511965;Suriname, Suriname, Peru, Peru, Bolivia, Bolivia, Uruguay, Uruguay, Guyana, Guyana, Paraguay, Paraguay, French Guiana, French Guiana, Venezuela, Venezuela, Colombia, Colombia, Argentina, Argentina;1711300471.6663487
British Indian Ocean Territory;Diego Garcia;60;;1711300441.0505369
British Virgin Islands;Road Town;153;;1711300441.0515075
Brunei;Bandar Seri Begawan;5770;Malaysia, Malaysia;1711300471.6683488
Bulgaria;Sofia;110910;Macedonia, Macedonia, Greece, Greece, Romania, Romania, Serbia and Montenegro, Serbia and Montenegro, Turkey, Turkey, Serbia, Serbia;1711300471.6733487
Burkina Faso;Ouagadougou;274200;Niger, Niger, Benin, Benin, Ghana, Ghana, Ivory Coast, Ivory Coast, Togo, Togo, Mali, Mali;1711300471.6793492
Burundi;Bujumbura;27830;Tanzania, Tanzania, Democratic Republic of the Congo, Democratic Republic of the Congo, Rwanda, Rwanda;1711300471.6823483
Cambodia;Phnom Penh;181040;Laos, Laos, Thailand, Thailand, Vietnam, Vietnam;1711300471.685056
Cameroon;Yaounde;475440;Chad, Chad, Central African Republic, Central African Republic, Gabon, Gabon, Equatorial Guinea, Equatorial Guinea, Republic of the Congo, Republic of the Congo, Nigeria, Nigeria;1711300471.691055
Canada;Ottawa;9984670;United States, United States;1711300471.693073
Cape Verde;Praia;4033;;1711300441.0635388
Cayman Islands;George Town;262;;1711300441.0635388
Central African Republic;Bangui;622984;Chad, Chad, Sudan, Sudan, Democratic Republic of the Congo, Democratic Republic of the Congo, South Sudan, South Sudan, Cameroon, Cameroon, Republic of the Congo, Republic of the Congo;1711300471.6990552
Chad;N'Djamena;1284000;Niger, Niger, Libya, Libya, Central African Republic, Central African Republic, Sudan, Sudan, Cameroon, Cameroon, Nigeria, Nigeria;1711300471.705056
Chile;Santiago;756950;Peru, Peru, Bolivia, Bolivia, Argentina, Argentina;1711300471.709059
China;Beijing;9596960;Laos, Laos, Bhutan, Bhutan, Tajikistan, Tajikistan, Kazakhstan, Kazakhstan, Mongolia, Mongolia, Afghanistan, Afghanistan, Nepal, Nepal, Myanmar, Myanmar, Kyrgyzstan, Kyrgyzstan, Pakistan, Pakistan, North Korea, North Korea, Russia, Russia, Vietnam, Vietnam, India, India;1711300471.7200563
Christmas Island;Flying Fish Cove;135;;1711300441.075538
Cocos Islands;West Island;14;;1711300441.075538
Colombia;Bogota;1138910;Ecuador, Ecuador, Peru, Peru, Panama, Panama, Brazil, Brazil, Venezuela, Venezuela;1711300471.7250562
Comoros;Moroni;2170;;1711300441.0785444
Cook Islands;Avarua;240;;1711300441.0785444
Costa Rica;San Jose;51100;Panama, Panama, Nicaragua, Nicaragua;1711300471.729057
Croatia;Zagreb;56542;Hungary, Hungary, Slovenia, Slovenia, Serbia and Montenegro, Serbia and Montenegro, Bosnia and Herzegovina, Bosnia and Herzegovina, Montenegro, Montenegro, Serbia, Serbia;1711300471.7340732
Cuba;Havana;110860;United States, United States;1711300471.736061
Curacao;Willemstad;444;;1711300441.08354
Cyprus;Nicosia;9250;;1711300441.08354
Czech Republic;Prague;78866;Poland, Poland, Germany, Germany, Slovakia, Slovakia, Austria, Austria;1711300471.7400613
Democratic Republic of the Congo;Kinshasa;2345410;Tanzania, Tanzania, Central African Republic, Central African Republic, South Sudan, South Sudan, Rwanda, Rwanda, Zambia, Zambia, Burundi, Burundi, Uganda, Uganda, Republic of the Congo, Republic of the Congo, Angola, Angola;1711300471.7475789
Denmark;Copenhagen;43094;Germany, Germany;1711300471.7495756
Djibouti;Djibouti;23000;Eritrea, Eritrea, Ethiopia, Ethiopia, Somalia, Somalia;1711300471.7526114
Dominica;Roseau;754;;1711300441.0915105
Dominican Republic;Santo Domingo;48730;Haiti, Haiti;1711300471.7546163
East Timor;Dili;15007;Indonesia, Indonesia;1711300471.7566214
Ecuador;Quito;283560;Peru, Peru, Colombia, Colombia;1711300471.7586215
Egypt;Cairo;1001450;Libya, Libya, Sudan, Sudan, Israel, Israel;1711300471.7616212
El Salvador;San Salvador;21040;Guatemala, Guatemala, Honduras, Honduras;1711300471.763621
Equatorial Guinea;Malabo;28051;Gabon, Gabon, Cameroon, Cameroon;1711300471.765621
Eritrea;Asmara;121320;Ethiopia, Ethiopia, Sudan, Sudan, Djibouti, Djibouti;1711300471.769622
Estonia;Tallinn;45226;Russia, Russia, Latvia, Latvia;1711300471.7716208
Ethiopia;Addis Ababa;1127127;Eritrea, Eritrea, Kenya, Kenya, Sudan, Sudan, South Sudan, South Sudan, Somalia, Somalia, Djibouti, Djibouti;1711300471.7766218
Falkland Islands;Stanley;12173;;1711300441.10353
Faroe Islands;Torshavn;1399;;1711300441.10353
Fiji;Suva;18270;;1711300441.1045144
Finland;Helsinki;337030;Norway, Norway, Russia, Russia, Sweden, Sweden;1711300471.7806203
France;Paris;547030;Switzerland, Switzerland, Germany, Germany, Belgium, Belgium, Luxembourg, Luxembourg, Italy, Italy, Andorra, Andorra, Monaco, Monaco, Spain, Spain;1711300471.78762
French Guiana;Cayenne;91000;Suriname, Suriname, Brazil, Brazil;1711300471.7896216
French Polynesia;Papeete;4167;;1711300441.1106336
French Southern Territories;Port-aux-Francais;7829;;1711300441.111634
Gabon;Libreville;267667;Cameroon, Cameroon, Equatorial Guinea, Equatorial Guinea, Republic of the Congo, Republic of the Congo;1711300471.7936215
Gambia;Banjul;11300;Senegal, Senegal;1711300471.794621
Georgia;Tbilisi;69700;Armenia, Armenia, Azerbaijan, Azerbaijan, Turkey, Turkey, Russia, Russia;1711300471.798621
Germany;Berlin;357021;Switzerland, Switzerland, Poland, Poland, Netherlands, Netherlands, Denmark, Denmark, Belgium, Belgium, Czech Republic, Czech Republic, Luxembourg, Luxembourg, France, France, Austria, Austria;1711300471.80562
Ghana;Accra;239460;Ivory Coast, Ivory Coast, Togo, Togo, Burkina Faso, Burkina Faso;1711300471.8083835
Gibraltar;Gibraltar;6;Spain, Spain;1711300471.8103836
Greece;Athens;131940;Albania, Albania, Macedonia, Macedonia, Turkey, Turkey, Bulgaria, Bulgaria;1711300471.8143823
Greenland;Nuuk;2166086;;1711300441.1226332
Grenada;St. George's;344;;1711300441.123634
Guadeloupe;Basse-Terre;1780;Netherlands Antilles, Netherlands Antilles;1711300471.8163831
Guam;Hagatna;549;;1711300441.1246328
Guatemala;Guatemala City;108890;Mexico, Mexico, Honduras, Honduras, Belize, Belize, El Salvador, El Salvador;1711300471.8223839
Guernsey;St Peter Port;78;;1711300441.126634
Guinea;Conakry;245857;Liberia, Liberia, Senegal, Senegal, Sierra Leone, Sierra Leone, Ivory Coast, Ivory Coast, Guinea-Bissau, Guinea-Bissau, Mali, Mali;1711300471.8283842
Guinea-Bissau;Bissau;36120;Senegal, Senegal, Guinea, Guinea;1711300471.831389
Guyana;Georgetown;214970;Suriname, Suriname, Brazil, Brazil, Venezuela, Venezuela;1711300471.83439
Haiti;Port-au-Prince;27750;Dominican Republic, Dominican Republic;1711300471.8353891
Heard Island and McDonald Islands;;412;;1711300441.132633
Honduras;Tegucigalpa;112090;Guatemala, Guatemala, Nicaragua, Nicaragua, El Salvador, El Salvador;1711300471.8383882
Hong Kong;Hong Kong;1092;;1711300441.133632
Hungary;Budapest;93030;Slovakia, Slovakia, Slovenia, Slovenia, Romania, Romania, Ukraine, Ukraine, Serbia and Montenegro, Serbia and Montenegro, Croatia, Croatia, Austria, Austria, Serbia, Serbia;1711300471.845898
Iceland;Reykjavik;103000;;1711300441.1376336
India;New Delhi;3287590;China, China, Nepal, Nepal, Myanmar, Myanmar, Bhutan, Bhutan, Pakistan, Pakistan, Bangladesh, Bangladesh;1711300471.8518977
Indonesia;Jakarta;1919440;Papua New Guinea, Papua New Guinea, East Timor, East Timor, Malaysia, Malaysia;1711300471.8548996
Iran;Tehran;1648000;Turkmenistan, Turkmenistan, Afghanistan, Afghanistan, Iraq, Iraq, Armenia, Armenia, Pakistan, Pakistan, Azerbaijan, Azerbaijan, Turkey, Turkey;1711300471.8618982
Iraq;Baghdad;437072;Syria, Syria, Saudi Arabia, Saudi Arabia, Iran, Iran, Jordan, Jordan, Turkey, Turkey, Kuwait, Kuwait;1711300471.867897
Ireland;Dublin;70280;United Kingdom, United Kingdom;1711300471.8688974
Isle of Man;Douglas, Isle of Man;572;;1711300441.1476345
Israel;Jerusalem;20770;Syria, Syria, Jordan, Jordan, Lebanon, Lebanon, Egypt, Egypt, Palestinian Territory, Palestinian Territory;1711300471.8738966
Italy;Rome;301230;Switzerland, Switzerland, Vatican, Vatican, Slovenia, Slovenia, San Marino, San Marino, France, France, Austria, Austria;1711300471.8798997
Ivory Coast;Yamoussoukro;322460;Liberia, Liberia, Ghana, Ghana, Guinea, Guinea, Burkina Faso, Burkina Faso, Mali, Mali;1711300471.8848963
Jamaica;Kingston;10991;;1711300441.154634
Japan;Tokyo;377835;;1711300441.1556675
Jersey;Saint Helier;116;;1711300441.1556675
Jordan;Amman;92300;Syria, Syria, Saudi Arabia, Saudi Arabia, Iraq, Iraq, Israel, Israel, Palestinian Territory, Palestinian Territory;1711300471.8900185
Kazakhstan;Astana;2717300;Turkmenistan, Turkmenistan, China, China, Kyrgyzstan, Kyrgyzstan, Uzbekistan, Uzbekistan, Russia, Russia;1711300471.8950205
Kenya;Nairobi;582650;Ethiopia, Ethiopia, Tanzania, Tanzania, South Sudan, South Sudan, Somalia, Somalia, Uganda, Uganda;1711300471.90202
Kiribati;Tarawa;811;;1711300441.162664
Kosovo;Pristina;10908;Serbia, Serbia, Albania, Albania, Macedonia, Macedonia, Montenegro, Montenegro;1711300471.9070497
Kuwait;Kuwait City;17820;Saudi Arabia, Saudi Arabia, Iraq, Iraq;1711300471.9100196
Kyrgyzstan;Bishkek;198500;China, China, Tajikistan, Tajikistan, Uzbekistan, Uzbekistan, Kazakhstan, Kazakhstan;1711300471.9140496
Laos;Vientiane;236800;China, China, Myanmar, Myanmar, Cambodia, Cambodia, Thailand, Thailand, Vietnam, Vietnam;1711300471.918053
Latvia;Riga;64589;Lithuania, Lithuania, Estonia, Estonia, Belarus, Belarus, Russia, Russia;1711300471.9220204
Lebanon;Beirut;10400;Syria, Syria, Israel, Israel;1711300471.9250536
Lesotho;Maseru;30355;South Africa, South Africa;1711300471.9270184
Liberia;Monrovia;111370;Sierra Leone, Sierra Leone, Ivory Coast, Ivory Coast, Guinea, Guinea;1711300471.9300206
Libya;Tripolis;1759540;Chad, Chad, Niger, Niger, Algeria, Algeria, Sudan, Sudan, Tunisia, Tunisia, Egypt, Egypt;1711300471.935024
Liechtenstein;Vaduz;160;Switzerland, Switzerland, Austria, Austria;1711300471.937026
Lithuania;Vilnius;65200;Poland, Poland, Belarus, Belarus, Russia, Russia, Latvia, Latvia;1711300471.9410238
Luxembourg;Luxembourg;2586;Germany, Germany, Belgium, Belgium, France, France;1711300471.9450264
Macao;Macao;254;;1711300441.1806653
Macedonia;Skopje;25333;Albania, Albania, Greece, Greece, Serbia and Montenegro, Serbia and Montenegro, Bulgaria, Bulgaria, Serbia, Serbia, Kosovo, Kosovo;1711300471.9500916
Madagascar;Antananarivo;587040;;1711300441.1836598
Malawi;Lilongwe;118480;Tanzania, Tanzania, Mozambique, Mozambique, Zambia, Zambia;1711300471.9530907
Malaysia;Kuala Lumpur;329750;Brunei, Brunei, Thailand, Thailand, Indonesia, Indonesia;1711300471.9570935
Maldives;Male;300;;1711300441.1866655
Mali;Bamako;1240000;Senegal, Senegal, Niger, Niger, Algeria, Algeria, Ivory Coast, Ivory Coast, Guinea, Guinea, Mauritania, Mauritania, Burkina Faso, Burkina Faso;1711300471.9630911
Malta;Valletta;316;;1711300441.189664
Marshall Islands;Majuro;181;;1711300441.1906636
Martinique;Fort-de-France;1100;;1711300441.1906636
Mauritania;Nouakchott;1030700;Senegal, Senegal, Algeria, Algeria, Western Sahara, Western Sahara, Mali, Mali;1711300471.9680903
Mauritius;Port Louis;2040;;1711300441.192664
Mayotte;Mamoudzou;374;;1711300441.192664
Mexico;Mexico City;1972550;Guatemala, Guatemala, United States, United States, Belize, Belize;1711300471.9720917
Micronesia;Palikir;702;;1711300441.1946628
Moldova;Chisinau;33843;Romania, Romania, Ukraine, Ukraine;1711300471.974092
Monaco;Monaco;1;France, France;1711300471.976092
Mongolia;Ulan Bator;1565000;China, China, Russia, Russia;1711300471.9780917
Montenegro;Podgorica;14026;Albania, Albania, Croatia, Croatia, Bosnia and Herzegovina, Bosnia and Herzegovina, Serbia, Serbia, Kosovo, Kosovo;1711300471.9820912
Montserrat;Plymouth;102;;1711300441.1996975
Morocco;Rabat;446550;Algeria, Algeria, Western Sahara, Western Sahara, Spain, Spain;1711300471.9850907
Mozambique;Maputo;801590;Zimbabwe, Zimbabwe, Tanzania, Tanzania, Swaziland, Swaziland, South Africa, South Africa, Zambia, Zambia, Malawi, Malawi;1711300471.9900935
Myanmar;Nay Pyi Taw;678500;China, China, Laos, Laos, Thailand, Thailand, Bangladesh, Bangladesh, India, India;1711300471.9950912
Namibia;Windhoek;825418;South Africa, South Africa, Botswana, Botswana, Zambia, Zambia, Angola, Angola;1711300471.9990916
Nauru;Yaren;21;;1711300441.2076974
Nepal;Kathmandu;140800;China, China, India, India;1711300472.0010922
Netherlands;Amsterdam;41526;Germany, Germany, Belgium, Belgium;1711300472.004091
Netherlands Antilles;Willemstad;960;Guadeloupe, Guadeloupe;1711300472.0051706
New Caledonia;Noumea;19060;;1711300441.211269
New Zealand;Wellington;268680;;1711300441.211269
Nicaragua;Managua;129494;Costa Rica, Costa Rica, Honduras, Honduras;1711300472.0081701
Niger;Niamey;1267000;Chad, Chad, Benin, Benin, Algeria, Algeria, Libya, Libya, Burkina Faso, Burkina Faso, Nigeria, Nigeria, Mali, Mali;1711300472.0141726
Nigeria;Abuja;923768;Chad, Chad, Niger, Niger, Benin, Benin, Cameroon, Cameroon;1711300472.0181987
Niue;Alofi;260;;1711300441.2172706
Norfolk Island;Kingston;34;;1711300441.2172706
North Korea;Pyongyang;120540;China, China, South Korea, South Korea, Russia, Russia;1711300472.022169
Northern Mariana Islands;Saipan;477;;1711300441.2192671
Norway;Oslo;324220;Finland, Finland, Russia, Russia, Sweden, Sweden;1711300472.0261693
Oman;Muscat;212460;Saudi Arabia, Saudi Arabia, Yemen, Yemen, United Arab Emirates, United Arab Emirates;1711300472.029169
Pakistan;Islamabad;803940;China, China, Afghanistan, Afghanistan, Iran, Iran, India, India;1711300472.033174
Palau;Melekeok;458;;1711300441.2242675
Palestinian Territory;East Jerusalem;5970;Jordan, Jordan, Israel, Israel;1711300472.0361745
Panama;Panama City;78200;Costa Rica, Costa Rica, Colombia, Colombia;1711300472.0381737
Papua New Guinea;Port Moresby;462840;Indonesia, Indonesia;1711300472.0401752
Paraguay;Asuncion;406750;Bolivia, Bolivia, Brazil, Brazil, Argentina, Argentina;1711300472.0431736
Peru;Lima;1285220;Ecuador, Ecuador, Chile, Chile, Bolivia, Bolivia, Brazil, Brazil, Colombia, Colombia;1711300472.0476823
Philippines;Manila;300000;;1711300441.2312677
Pitcairn;Adamstown;47;;1711300441.2312677
Poland;Warsaw;312685;Germany, Germany, Lithuania, Lithuania, Slovakia, Slovakia, Czech Republic, Czech Republic, Belarus, Belarus, Ukraine, Ukraine, Russia, Russia;1711300472.054682
Portugal;Lisbon;92391;Spain, Spain;1711300472.0556815
Puerto Rico;San Juan;9104;;1711300441.2352717
Qatar;Doha;11437;Saudi Arabia, Saudi Arabia;1711300472.0576813
Republic of the Congo;Brazzaville;342000;Central African Republic, Central African Republic, Gabon, Gabon, Democratic Republic of the Congo, Democratic Republic of the Congo, Cameroon, Cameroon, Angola, Angola;1711300472.0626822
Reunion;Saint-Denis;2517;;1711300441.2382677
Romania;Bucharest;237500;Moldova, Moldova, Hungary, Hungary, Ukraine, Ukraine, Serbia and Montenegro, Serbia and Montenegro, Bulgaria, Bulgaria, Serbia, Serbia;1711300472.068682
Russia;Moscow;17100000;Georgia, Georgia, China, China, Belarus, Belarus, Ukraine, Ukraine, Kazakhstan, Kazakhstan, Latvia, Latvia, Poland, Poland, Estonia, Estonia, Lithuania, Lithuania, Finland, Finland, Mongolia, Mongolia, Norway, Norway, Azerbaijan, Azerbaijan, North Korea, North Korea;1711300472.0797114
Rwanda;Kigali;26338;Tanzania, Tanzania, Democratic Republic of the Congo, Democratic Republic of the Congo, Burundi, Burundi, Uganda, Uganda;1711300472.083681
Saint Barthelemy;Gustavia;21;;1711300441.2482681
Saint Helena;Jamestown;410;;1711300441.2482681
Saint Kitts and Nevis;Basseterre;261;;1711300441.2482681
Saint Lucia;Castries;616;;1711300441.2492678
Saint Martin;Marigot;53;Sint Maarten, Sint Maarten;1711300472.08638
Saint Pierre and Miquelon;Saint-Pierre;242;;1711300441.2502682
Saint Vincent and the Grenadines;Kingstown;389;;1711300441.2502682
Samoa;Apia;2944;;1711300441.2502682
San Marino;San Marino;61;Italy, Italy;1711300472.0893526
Sao Tome and Principe;Sao Tome;1001;;1711300441.251289
Saudi Arabia;Riyadh;1960582;Qatar, Qatar, Oman, Oman, Iraq, Iraq, Yemen, Yemen, Jordan, Jordan, United Arab Emirates, United Arab Emirates, Kuwait, Kuwait;1711300472.0963805
Senegal;Dakar;196190;Guinea, Guinea, Mauritania, Mauritania, Guinea-Bissau, Guinea-Bissau, Gambia, Gambia, Mali, Mali;1711300472.1003494
Serbia;Belgrade;88361;Albania, Albania, Hungary, Hungary, Macedonia, Macedonia, Romania, Romania, Croatia, Croatia, Bosnia and Herzegovina, Bosnia and Herzegovina, Bulgaria, Bulgaria, Montenegro, Montenegro, Kosovo, Kosovo;1711300472.1073487
Serbia and Montenegro;Belgrade;102350;Albania, Albania, Hungary, Hungary, Macedonia, Macedonia, Romania, Romania, Croatia, Croatia, Bosnia and Herzegovina, Bosnia and Herzegovina, Bulgaria, Bulgaria;1711300472.114349
Seychelles;Victoria;455;;1711300441.2632675
Sierra Leone;Freetown;71740;Liberia, Liberia, Guinea, Guinea;1711300472.1163502
Singapore;Singapur;692;;1711300441.2642684
Sint Maarten;Philipsburg;34;Saint Martin, Saint Martin;1711300472.1183507
Slovakia;Bratislava;48845;Poland, Poland, Hungary, Hungary, Czech Republic, Czech Republic, Ukraine, Ukraine, Austria, Austria;1711300472.1233513
Slovenia;Ljubljana;20273;Hungary, Hungary, Italy, Italy, Croatia, Croatia, Austria, Austria;1711300472.1273513
Solomon Islands;Honiara;28450;;1711300441.2692654
Somalia;Mogadishu;637657;Ethiopia, Ethiopia, Kenya, Kenya, Djibouti, Djibouti;1711300472.130351
South Africa;Pretoria;1219912;Zimbabwe, Zimbabwe, Swaziland, Swaziland, Mozambique, Mozambique, Botswana, Botswana, Namibia, Namibia, Lesotho, Lesotho;1711300472.1353545
South Georgia and the South Sandwich Islands;Grytviken;3903;;1711300441.2732682
South Korea;Seoul;98480;North Korea, North Korea;1711300472.1373568
South Sudan;Juba;644329;Democratic Republic of the Congo, Democratic Republic of the Congo, Central African Republic, Central African Republic, Ethiopia, Ethiopia, Kenya, Kenya, Sudan, Sudan, Uganda, Uganda;1711300472.1423576
Spain;Madrid;504782;Andorra, Andorra, Portugal, Portugal, Gibraltar, Gibraltar, France, France, Morocco, Morocco;1711300472.1468632
Sri Lanka;Colombo;65610;;1711300441.2792678
Sudan;Khartoum;1861484;South Sudan, South Sudan, Chad, Chad, Egypt, Egypt, Ethiopia, Ethiopia, Eritrea, Eritrea, Libya, Libya, Central African Republic, Central African Republic;1711300472.1528623
Suriname;Paramaribo;163270;Guyana, Guyana, Brazil, Brazil, French Guiana, French Guiana;1711300472.1558626
Svalbard and Jan Mayen;Longyearbyen;62049;;1711300441.2832723
Swaziland;Mbabane;17363;South Africa, South Africa, Mozambique, Mozambique;1711300472.1588626
Sweden;Stockholm;449964;Norway, Norway, Finland, Finland;1711300472.1608658
Switzerland;Berne;41290;Germany, Germany, Italy, Italy, Liechtenstein, Liechtenstein, France, France, Austria, Austria;1711300472.1658638
Syria;Damascus;185180;Iraq, Iraq, Jordan, Jordan, Israel, Israel, Turkey, Turkey, Lebanon, Lebanon;1711300472.1698613
Taiwan;Taipei;35980;;1711300441.2902684
Tajikistan;Dushanbe;143100;China, China, Afghanistan, Afghanistan, Kyrgyzstan, Kyrgyzstan, Uzbekistan, Uzbekistan;1711300472.1738656
Tanzania;Dodoma;945087;Mozambique, Mozambique, Kenya, Kenya, Democratic Republic of the Congo, Democratic Republic of the Congo, Rwanda, Rwanda, Zambia, Zambia, Burundi, Burundi, Uganda, Uganda, Malawi, Malawi;1711300472.180925
Thailand;Bangkok;514000;Laos, Laos, Myanmar, Myanmar, Cambodia, Cambodia, Malaysia, Malaysia;1711300472.1839237
Togo;Lome;56785;Benin, Benin, Ghana, Ghana, Burkina Faso, Burkina Faso;1711300472.1866496
Tokelau;;10;;1711300441.2993152
Tonga;Nuku'alofa;748;;1711300441.2993152
Trinidad and Tobago;Port of Spain;5128;;1711300441.2993152
Tunisia;Tunis;163610;Algeria, Algeria, Libya, Libya;1711300472.1906507
Turkey;Ankara;780580;Syria, Syria, Georgia, Georgia, Iraq, Iraq, Iran, Iran, Greece, Greece, Armenia, Armenia, Azerbaijan, Azerbaijan, Bulgaria, Bulgaria;1711300472.197681
Turkmenistan;Ashgabat;488100;Afghanistan, Afghanistan, Iran, Iran, Uzbekistan, Uzbekistan, Kazakhstan, Kazakhstan;1711300472.2016501
Turks and Caicos Islands;Cockburn Town;430;;1711300441.3063157
Tuvalu;Funafuti;26;;1711300441.3063157
U.S. Virgin Islands;Charlotte Amalie;352;;1711300441.3063157
Uganda;Kampala;236040;Tanzania, Tanzania, Kenya, Kenya, South Sudan, South Sudan, Democratic Republic of the Congo, Democratic Republic of the Congo, Rwanda, Rwanda;1711300472.2076516
Ukraine;Kiev;603700;Poland, Poland, Moldova, Moldova, Hungary, Hungary, Slovakia, Slovakia, Belarus, Belarus, Romania, Romania, Russia, Russia;1711300472.2126508
United Arab Emirates;Abu Dhabi;82880;Saudi Arabia, Saudi Arabia, Oman, Oman;1711300472.2156515
United Kingdom;London;244820;Ireland, Ireland;1711300472.2166505
United States;Washington;9629091;Canada, Canada, Mexico, Mexico, Cuba, Cuba;1711300472.2196498
United States Minor Outlying Islands;;0;;1711300441.3148892
Uruguay;Montevideo;176220;Brazil, Brazil, Argentina, Argentina;1711300472.222655
Uzbekistan;Tashkent;447400;Turkmenistan, Turkmenistan, Afghanistan, Afghanistan, Kyrgyzstan, Kyrgyzstan, Tajikistan, Tajikistan, Kazakhstan, Kazakhstan;1711300472.226651
Vanuatu;Port Vila;12200;;1711300441.3189137
Vatican;Vatican City;0;Italy, Italy;1711300472.2296493
Venezuela;Caracas;912050;Guyana, Guyana, Brazil, Brazil, Colombia, Colombia;1711300472.232654
Vietnam;Hanoi;329560;China, China, Laos, Laos, Cambodia, Cambodia;1711300472.2356546
Wallis and Futuna;Mata Utu;274;;1711300441.3218887
Western Sahara;El-Aaiun;266000;Algeria, Algeria, Mauritania, Mauritania, Morocco, Morocco;1711300472.2386525
Yemen;Sanaa;527970;Saudi Arabia, Saudi Arabia, Oman, Oman;1711300472.2406528
Zambia;Lusaka;752614;Zimbabwe, Zimbabwe, Tanzania, Tanzania, Mozambique, Mozambique, Democratic Republic of the Congo, Democratic Republic of the Congo, Namibia, Namibia, Malawi, Malawi, Angola, Angola;1711300472.2471616
Zimbabwe;Harare;390580;South Africa, South Africa, Mozambique, Mozambique, Botswana, Botswana, Zambia, Zambia;1711300472.2511604
